model,feature_subset,data_branch,tuning_branch,tuning_method,validation_type,augmentation_strategy,branch_id,n_features,MAE,RMSE,R2,MAPE_%,n_train,n_train_original,n_train_augmented,n_test,n_folds,notes
DummyRegressor,SOLO_R,N,ST,none,loeo,none,SOLO_R_N_ST,93,56.35555555555557,66.6823129787617,-0.23456790123456805,38.43096405818544,9,9,0,10,10,
Ridge,SOLO_R,N,ST,none,loeo,none,SOLO_R_N_ST,93,45.15948015017858,75.68145501570905,-0.5902764072684745,27.49166991567099,9,9,0,10,10,
Lasso,SOLO_R,N,ST,none,loeo,none,SOLO_R_N_ST,93,37.590761886230055,43.659072586415164,0.4707721599843774,23.454190846182506,9,9,0,10,10,
ElasticNet,SOLO_R,N,ST,none,loeo,none,SOLO_R_N_ST,93,29.905826312833785,37.60229499771214,0.6074252395139594,19.864712311208038,9,9,0,10,10,
SVR,SOLO_R,N,ST,none,loeo,none,SOLO_R_N_ST,93,56.522276031661214,66.15629112344624,-0.21516700638038566,37.327786456462164,9,9,0,10,10,
RandomForest,SOLO_R,N,ST,none,loeo,none,SOLO_R_N_ST,93,45.88981071428573,58.48540039082851,0.05029526170338827,30.688615795853536,9,9,0,10,10,
XGBoost,SOLO_R,N,ST,none,loeo,none,SOLO_R_N_ST,93,43.02733535766602,56.30775121278259,0.11970134946632838,26.092750257619706,9,9,0,10,10,
MLP,SOLO_R,N,ST,none,loeo,none,SOLO_R_N_ST,93,316.76638312999023,834.8159526132132,-192.49740670005096,130.5015694416714,9,9,0,10,10,
BNN,SOLO_R,N,ST,none,loeo,none,SOLO_R_N_ST,93,36.364383697509766,53.521895582989195,0.2046530082276936,22.104694169537257,9,9,0,10,10,
