model,feature_subset,data_branch,tuning_branch,tuning_method,validation_type,augmentation_strategy,branch_id,n_features,MAE,RMSE,R2,MAPE_%,n_train,n_train_original,n_train_augmented,n_test,n_folds,notes
DummyRegressor,SOLO_R,N,CT,none,loeo,none,SOLO_R_N_CT_random,93,56.35555555555557,66.6823129787617,-0.23456790123456805,38.43096405818544,9,9,0,10,10,
Ridge,SOLO_R,N,CT,random,loeo,none,SOLO_R_N_CT_random,93,45.15948015017858,75.68145501570905,-0.5902764072684745,27.49166991567099,9,9,0,10,10,
Lasso,SOLO_R,N,CT,random,loeo,none,SOLO_R_N_CT_random,93,31.416336625030397,35.950365970934946,0.6411604514980032,18.203254928954628,9,9,0,10,10,
ElasticNet,SOLO_R,N,CT,random,loeo,none,SOLO_R_N_CT_random,93,30.22551619007614,32.89975261200613,0.699476156490091,19.59909840237563,9,9,0,10,10,
SVR,SOLO_R,N,CT,random,loeo,none,SOLO_R_N_CT_random,93,47.758672472051174,63.10118747895421,-0.10552542313584112,33.993263655387565,9,9,0,10,10,
RandomForest,SOLO_R,N,CT,random,loeo,none,SOLO_R_N_CT_random,93,46.977000000000004,58.13389656646113,0.06167662125280049,31.153193619623227,9,9,0,10,10,
XGBoost,SOLO_R,N,CT,random,loeo,none,SOLO_R_N_CT_random,93,38.20745315551758,53.49248917666203,0.20552673930424192,23.638700674882823,9,9,0,10,10,
MLP,SOLO_R,N,CT,none,loeo,none,SOLO_R_N_CT_random,93,316.76638312999023,834.8159526132132,-192.49740670005096,130.5015694416714,9,9,0,10,10,
BNN,SOLO_R,N,CT,none,loeo,none,SOLO_R_N_CT_random,93,36.364383697509766,53.521895582989195,0.2046530082276936,22.104694169537257,9,9,0,10,10,
