model,feature_subset,data_branch,tuning_branch,tuning_method,validation_type,augmentation_strategy,branch_id,n_features,MAE,RMSE,R2,MAPE_%,n_train,n_train_original,n_train_augmented,n_test,n_folds,notes
DummyRegressor,SOLO_A,N,CT,none,loeo,none,SOLO_A_N_CT_grid,95,56.35555555555557,66.6823129787617,-0.23456790123456805,38.43096405818544,9,9,0,10,10,
Ridge,SOLO_A,N,CT,grid,loeo,none,SOLO_A_N_CT_grid,95,27.95604802287213,37.71209175706911,0.6051292963321107,19.098559784377166,9,9,0,10,10,
Lasso,SOLO_A,N,CT,grid,loeo,none,SOLO_A_N_CT_grid,95,25.971889932371358,36.046754060826316,0.6392336713260447,16.901083309983843,9,9,0,10,10,
ElasticNet,SOLO_A,N,CT,grid,loeo,none,SOLO_A_N_CT_grid,95,19.0676065719693,26.547358239846673,0.8043245727659085,14.830258023774057,9,9,0,10,10,
SVR,SOLO_A,N,CT,grid,loeo,none,SOLO_A_N_CT_grid,95,53.433176177948056,65.46298581869246,-0.1898310271839967,35.835222842959915,9,9,0,10,10,
RandomForest,SOLO_A,N,CT,grid,loeo,none,SOLO_A_N_CT_grid,95,52.63250833333333,60.661576793825546,-0.02169450983099419,35.84470060678061,9,9,0,10,10,
XGBoost,SOLO_A,N,CT,grid,loeo,none,SOLO_A_N_CT_grid,95,52.12756195068359,62.64597517017984,-0.08963242395175275,33.330179501054026,9,9,0,10,10,
MLP,SOLO_A,N,CT,none,loeo,none,SOLO_A_N_CT_grid,95,249.23440059366698,407.77972954741705,-45.16841200374396,154.89151846778228,9,9,0,10,10,
BNN,SOLO_A,N,CT,none,loeo,none,SOLO_A_N_CT_grid,95,48.481640625,53.76931178175647,0.19728269521148822,32.12443750686531,9,9,0,10,10,
