model,feature_subset,data_branch,tuning_branch,tuning_method,validation_type,augmentation_strategy,branch_id,n_features,MAE,RMSE,R2,MAPE_%,n_train,n_train_original,n_train_augmented,n_test,n_folds,notes
DummyRegressor,FUSION,A,ST,none,loeo,feature_scaling,FUSION_A_ST_feature_scaling,189,56.35555555555557,66.6823129787617,-0.23456790123456805,38.43096405818544,36,9,27,10,10,
Ridge,FUSION,A,ST,none,loeo,feature_scaling,FUSION_A_ST_feature_scaling,189,43.936611152513514,73.08826331400984,-0.48316324676972067,26.813731969468456,36,9,27,10,10,
Lasso,FUSION,A,ST,none,loeo,feature_scaling,FUSION_A_ST_feature_scaling,189,35.14451421220083,41.32478153914354,0.5258510395792146,22.01390348426838,36,9,27,10,10,
ElasticNet,FUSION,A,ST,none,loeo,feature_scaling,FUSION_A_ST_feature_scaling,189,24.411414565374233,34.965841246187736,0.6605454511483211,15.619579459355403,36,9,27,10,10,
SVR,FUSION,A,ST,none,loeo,feature_scaling,FUSION_A_ST_feature_scaling,189,52.57572490658811,64.88425175782739,-0.16888630786467607,34.23830624424381,36,9,27,10,10,
RandomForest,FUSION,A,ST,none,loeo,feature_scaling,FUSION_A_ST_feature_scaling,189,55.391662103174596,67.99992075257354,-0.28383875968122796,36.90514286041752,36,9,27,10,10,
XGBoost,FUSION,A,ST,none,loeo,feature_scaling,FUSION_A_ST_feature_scaling,189,50.33598327636719,62.977276894109366,-0.10118788818508007,30.869715257346314,36,9,27,10,10,
MLP,FUSION,A,ST,none,loeo,feature_scaling,FUSION_A_ST_feature_scaling,189,223.28698443497888,579.6427416440089,-92.28557092381165,94.94907693272738,36,9,27,10,10,
BNN,FUSION,A,ST,none,loeo,feature_scaling,FUSION_A_ST_feature_scaling,189,35.334468841552734,48.39691097314058,0.3496772371464243,20.9690980402096,36,9,27,10,10,
