model,feature_subset,data_branch,tuning_branch,tuning_method,validation_type,augmentation_strategy,branch_id,n_features,MAE,RMSE,R2,MAPE_%,n_train,n_train_original,n_train_augmented,n_test,n_folds,notes
DummyRegressor,FUSION,A,ST,none,loeo,grouped_scaling,FUSION_A_ST_grouped_scaling,189,56.35555555555557,66.6823129787617,-0.23456790123456805,38.43096405818544,36,9,27,10,10,
Ridge,FUSION,A,ST,none,loeo,grouped_scaling,FUSION_A_ST_grouped_scaling,189,41.14998337956623,66.69678283939967,-0.2351037543836474,25.40060708346222,36,9,27,10,10,
Lasso,FUSION,A,ST,none,loeo,grouped_scaling,FUSION_A_ST_grouped_scaling,189,33.92134167935584,44.90330974005927,0.4401774651311742,20.07101202046119,36,9,27,10,10,
ElasticNet,FUSION,A,ST,none,loeo,grouped_scaling,FUSION_A_ST_grouped_scaling,189,24.463259741025645,35.731537839028306,0.6455156339546402,15.630714309889374,36,9,27,10,10,
SVR,FUSION,A,ST,none,loeo,grouped_scaling,FUSION_A_ST_grouped_scaling,189,52.54695823296745,64.82095584557366,-0.16660687530959395,34.229845065738154,36,9,27,10,10,
RandomForest,FUSION,A,ST,none,loeo,grouped_scaling,FUSION_A_ST_grouped_scaling,189,53.922260119047635,67.35665778400036,-0.2596640321157391,35.98392607744338,36,9,27,10,10,
XGBoost,FUSION,A,ST,none,loeo,grouped_scaling,FUSION_A_ST_grouped_scaling,189,52.89524459838867,63.954146590174666,-0.13561491024423256,32.24981619209502,36,9,27,10,10,
MLP,FUSION,A,ST,none,loeo,grouped_scaling,FUSION_A_ST_grouped_scaling,189,235.74568801936502,675.9909973355792,-125.87483611270015,89.12038742713409,36,9,27,10,10,
BNN,FUSION,A,ST,none,loeo,grouped_scaling,FUSION_A_ST_grouped_scaling,189,41.81128845214844,52.73721348890942,0.22780314614117003,25.34374629288681,36,9,27,10,10,
