model,feature_subset,data_branch,tuning_branch,tuning_method,validation_type,augmentation_strategy,branch_id,n_features,MAE,RMSE,R2,MAPE_%,n_train,n_train_original,n_train_augmented,n_test,n_folds,notes
DummyRegressor,SOLO_A,A,ST,none,loeo,grouped_scaling,SOLO_A_A_ST_grouped_scaling,95,56.35555555555557,66.6823129787617,-0.23456790123456805,38.43096405818544,36,9,27,10,10,
Ridge,SOLO_A,A,ST,none,loeo,grouped_scaling,SOLO_A_A_ST_grouped_scaling,95,28.262821584822053,41.53164220641434,0.5210922360442968,18.308216478074037,36,9,27,10,10,
Lasso,SOLO_A,A,ST,none,loeo,grouped_scaling,SOLO_A_A_ST_grouped_scaling,95,27.3225367585066,39.62620119718046,0.5640280475778243,17.869192883870905,36,9,27,10,10,
ElasticNet,SOLO_A,A,ST,none,loeo,grouped_scaling,SOLO_A_A_ST_grouped_scaling,95,19.401603473744853,26.957121334392316,0.7982373856058824,15.697784895222691,36,9,27,10,10,
SVR,SOLO_A,A,ST,none,loeo,grouped_scaling,SOLO_A_A_ST_grouped_scaling,95,56.84310744857356,67.97101063439457,-0.28274734545754376,36.753577180392625,36,9,27,10,10,
RandomForest,SOLO_A,A,ST,none,loeo,grouped_scaling,SOLO_A_A_ST_grouped_scaling,95,53.14004166666668,64.73322612123431,-0.16345120320262208,34.47634205189561,36,9,27,10,10,
XGBoost,SOLO_A,A,ST,none,loeo,grouped_scaling,SOLO_A_A_ST_grouped_scaling,95,54.70357818603516,60.133537343286385,-0.003984883045575316,35.115123438420035,36,9,27,10,10,
MLP,SOLO_A,A,ST,none,loeo,grouped_scaling,SOLO_A_A_ST_grouped_scaling,95,234.5361296329401,371.4948111065462,-37.31767716796516,148.83434624643178,36,9,27,10,10,
BNN,SOLO_A,A,ST,none,loeo,grouped_scaling,SOLO_A_A_ST_grouped_scaling,95,47.83015441894531,55.6512265445037,0.14010949973271625,34.09907217118448,36,9,27,10,10,
