model,feature_subset,data_branch,tuning_branch,tuning_method,validation_type,augmentation_strategy,branch_id,n_features,MAE,RMSE,R2,MAPE_%,n_train,n_train_original,n_train_augmented,n_test,n_folds,notes
DummyRegressor,SOLO_A,A,ST,none,loeo,feature_scaling,SOLO_A_A_ST_feature_scaling,95,56.35555555555557,66.6823129787617,-0.23456790123456805,38.43096405818544,36,9,27,10,10,
Ridge,SOLO_A,A,ST,none,loeo,feature_scaling,SOLO_A_A_ST_feature_scaling,95,27.180163219674256,40.0782070974534,0.5540252814244524,17.735843352624,36,9,27,10,10,
Lasso,SOLO_A,A,ST,none,loeo,feature_scaling,SOLO_A_A_ST_feature_scaling,95,28.70293467999294,38.072255415402196,0.597550974010639,18.6757383672543,36,9,27,10,10,
ElasticNet,SOLO_A,A,ST,none,loeo,feature_scaling,SOLO_A_A_ST_feature_scaling,95,20.890492088259936,27.34325677894394,0.7924158683064718,16.444624514621715,36,9,27,10,10,
SVR,SOLO_A,A,ST,none,loeo,feature_scaling,SOLO_A_A_ST_feature_scaling,95,56.65345514471419,67.87964766288262,-0.2793012632506089,36.61866691732944,36,9,27,10,10,
RandomForest,SOLO_A,A,ST,none,loeo,feature_scaling,SOLO_A_A_ST_feature_scaling,95,51.60176011904764,63.604772974994916,-0.12324135203214137,33.613696453030755,36,9,27,10,10,
XGBoost,SOLO_A,A,ST,none,loeo,feature_scaling,SOLO_A_A_ST_feature_scaling,95,54.034322357177736,60.348882988556106,-0.01118854703387484,35.282484992983484,36,9,27,10,10,
MLP,SOLO_A,A,ST,none,loeo,feature_scaling,SOLO_A_A_ST_feature_scaling,95,238.3760135788294,381.912555292685,-39.49687782407374,148.9722906215005,36,9,27,10,10,
BNN,SOLO_A,A,ST,none,loeo,feature_scaling,SOLO_A_A_ST_feature_scaling,95,38.58976745605469,46.41385325105655,0.4018791807149943,26.901413062605485,36,9,27,10,10,
