model,feature_subset,data_branch,tuning_branch,tuning_method,validation_type,augmentation_strategy,branch_id,n_features,MAE,RMSE,R2,MAPE_%,n_train,n_train_original,n_train_augmented,n_test,n_folds,notes
DummyRegressor,SOLO_A,A,CT,none,loeo,feature_noise,SOLO_A_A_CT_random_feature_noise,95,56.35555555555557,66.6823129787617,-0.23456790123456805,38.43096405818544,36,9,27,10,10,
Ridge,SOLO_A,A,CT,random,loeo,feature_noise,SOLO_A_A_CT_random_feature_noise,95,33.17040996113039,48.02568050769671,0.359615628155849,21.654635580911084,36,9,27,10,10,
Lasso,SOLO_A,A,CT,random,loeo,feature_noise,SOLO_A_A_CT_random_feature_noise,95,26.268621448232853,36.522870497214775,0.6296405106057652,17.86989953788794,36,9,27,10,10,
ElasticNet,SOLO_A,A,CT,random,loeo,feature_noise,SOLO_A_A_CT_random_feature_noise,95,29.11487908976065,41.18708580134773,0.52900553995275,18.911908972530462,36,9,27,10,10,
SVR,SOLO_A,A,CT,random,loeo,feature_noise,SOLO_A_A_CT_random_feature_noise,95,52.59915601414794,64.55575429625273,-0.15708054073453082,35.614665498066344,36,9,27,10,10,
RandomForest,SOLO_A,A,CT,random,loeo,feature_noise,SOLO_A_A_CT_random_feature_noise,95,52.751055447330444,65.7501089032609,-0.2002912024051673,34.17534969812887,36,9,27,10,10,
XGBoost,SOLO_A,A,CT,random,loeo,feature_noise,SOLO_A_A_CT_random_feature_noise,95,49.478311157226564,60.66332328016428,-0.02175334117975769,31.60146385610174,36,9,27,10,10,
MLP,SOLO_A,A,CT,none,loeo,feature_noise,SOLO_A_A_CT_random_feature_noise,95,253.07055126366632,408.96511201517916,-45.43721776321339,160.1246230819552,36,9,27,10,10,
BNN,SOLO_A,A,CT,none,loeo,feature_noise,SOLO_A_A_CT_random_feature_noise,95,52.30066070556641,59.27387946642737,0.024515494948049388,36.12429821139052,36,9,27,10,10,
