{"FUSION": {"real": [85, 103, 119, 136, 150, 168, 190, 215, 245, 280], "pred": [132.4580144048382, 104.9234690031454, 126.8548429544226, 185.4744248355449, 127.43546509992223, 174.54726347385667, 191.99368476077052, 213.4648172331217, 196.34644361837286, 198.40828964694205], "mae": 26.959668383421945, "r2": 0.6016283372215275}, "SOLO_A": {"real": [85, 103, 119, 136, 150, 168, 190, 215, 245, 280], "pred": [139.1889671568974, 103.50632779558423, 121.96934210680915, 180.52814208957156, 143.1939996494259, 169.00767798455945, 176.99159767777564, 200.80315969681467, 205.0338619950843, 240.86916451701546], "mae": 21.63086735973058, "r2": 0.7646967591949285}}