g0,g1,vb_mean,vb_std,vb_safe_param,vb_safe_np,VB_SAFE
-2.265013869811765,0.5457354601115403,162.18517441860465,42.88904362481138,167.5,135.1,167.0
